{"fx": 604.1821899414062, "fy": 603.4879150390625, "ppx": 323.6617736816406, "ppy": 248.7173614501953, "height": 480, "width": 640, "depth_scale": 0.0010000000474974513}